2000,Aqua Teen Hunger Force: Vol. 1
2003,Ashtanga Yoga: Beginner's Practice with Nicki Doane
1941,A Yank in the R.A.F.
1974,At Home Among Strangers
2000,By Dawn's Early Light
2001,Boycott
1989,Barbarian Queen 2
2000,Bruce Lee: A Warrior's Journey
2004,Bear Cub
1997,Character
1991,Class of Nuke 'Em High 2
2000,Chump Change
2001,Clifford: Clifford Saves the Day! / Clifford's Fluffiest Friend Cleo
1999,Classic Albums: Meat Loaf: Bat Out of Hell
2003,Dinosaur Planet
2003,Daydream Obsession
2003,Devo: The Complete Truth About De-evolution
1996,Dragonheart
1954,Davy Crockett: 50th Anniversary Double Feature
2005,Elfen Lied
2002,ECW: Cyberslam '99
2002,Evelyn
2003,Enigma: MCMXC A.D
1994,Ed Wood
2001,Fighter
1999,Full Frame: Documentary Shorts
2000,Ferngully 2: The Magical Rescue
1987,Fatal Beauty
2001,Firetrap
1997,Grind
2000,G3: Live in Concert
1998,GTO: Great Teacher Onizuka: Set 2
2004,Goddess of Mercy
1978,Get Out Your Handkerchiefs
2000,Horror Vision
1992,Husbands and Wives
2001,Home Movie
1996,Henry: Portrait of a Serial Killer 2
1974,Herbie Rides Again
2004,Isle of Man TT 2004 Review
1994,Immortal Beloved
1997,Inspector Morse 31: Death Is Now My Neighbour
2004,Invader Zim
1952,I Love Lucy: Season 2
2001,Justice League
2002,Jonah: A VeggieTales Movie: Bonus Material
1995,Jade
1996,Jingle All the Way
1968,John Cleese on How to Irritate People
1991,Ken Burns' America: Empire of the Air
1997,King of the Hill: Season 1
2004,Kill Bill: Vol. 2
1998,King Cobra
1992,Kuffs
2003,Lord of the Rings: The Return of the King: Extended Edition: Bonus Material
2002,Lilo and Stitch
1992,Lady Chatterley
2000,Love Reinvented
2000,Lost in the Pershing Point Hotel
1947,My Favorite Brunette
1981,My Bloody Valentine
1995,Maya Lin: A Strong Clear Vision
2002,Mostly Martha
2000,Magnolia: Bonus Material
1982,Nature: Antarctica
1988,Neil Diamond: Greatest Hits Live
2004,Never Die Alone
2004,Notre Musique
1996,No Way Back
2001,Outside the Law
2002,Obsessed
2003,One Last Dance
2001,Onmyoji
1994,Oleanna
1994,Paula Abdul's Get Up & Dance
2004,Pitcher and the Pin-Up
2004,Plain Dirty
2002,Pressure
1950,Panic in the Streets
1982,Querelle
1968,Quatermass and the Pit
1982,Quest for Fire
1975,Queen of the Stardust Ballroom
1982,Qurbani
1964,Rudolph the Red-Nosed Reindeer
1995,Richard III
1999,Ricky Martin: One Night Only
1998,Record of Lodoss War: Chronicles of the Heroic Knight
1985,Rambo: First Blood Part II
1997,Sick
1996,Screamers
1972,Seeta Aur Geeta
2002,Strange Relations
1962,Sesame Street: Elmo's World: The Street We Live On
2004,The Rise and Fall of ECW
1999,The Love Letter
1952,The Bad and the Beautiful
2002,The Weather Underground
2003,The Bonesetter
2004,Unconstitutional: The War on Our Civil Liberties
1987,Unsolved Mysteries: Psychics
1996,Unhook the Stars
2005,Up and Down
1993,Untamed Heart
1997,Vampire Journals
2003,Vampire Effect (aka Twins Effect)
2003,Viva La Bam: Season 1
2002,Venus Boyz
2005,Voyage to the Planets and Beyond
2004,What the #$*! Do We Know!?
1952,We're Not Married
2003,WWE: Armageddon 2003
1979,Winter Kills
2005,WWE: Royal Rumble 2005
2003,X2: X-Men United
1995,Xena: Warrior Princess: Season 3
1994,X2000: The Collected Shorts of Francois Ozon
2000,X: The Movie
2001,Xena: Warrior Princess: Series Finale
1998,Yellow
1996,You're Invited to Mary-Kate and Ashley's Vacation Parties
1988,Young Einstein
1992,Yu Yu Hakusho
1996,Young and Dangerous 2
1973,Zatoichi's Conspiracy
1997,Zeus and Roxanne
1998,Zakhm
2003,Zakk Wylde's Black Label Society: Boozed
1981,Zorro
